source,n_terminos,p_mediana,p_minimo,genes_promedio,genes_max
GO:BP,65,0.00113959018049568,2.449840995552535e-5,2.1,3
KEGG,12,8.961342081987947e-5,5.780604207003501e-5,2.8,3
REAC,9,0.02273371265554573,8.6363214843788e-4,1.4,2
